start,middle,end,folding_energy_potential
0,50.0,100,-12.448399543762207
1,51.0,101,-12.855801582336426
2,52.0,102,-15.001521110534668
3,53.0,103,-15.087671279907227
4,54.0,104,-15.717804908752441
5,55.0,105,-15.897614479064941
6,56.0,106,-18.10994529724121
7,57.0,107,-16.59292221069336
8,58.0,108,-16.972373962402344
9,59.0,109,-17.195308685302734
10,60.0,110,-17.175643920898438
11,61.0,111,-17.170909881591797
12,62.0,112,-17.19753074645996
13,63.0,113,-16.023357391357422
14,64.0,114,-15.292001724243164
15,65.0,115,-15.213890075683594
16,66.0,116,-15.25794792175293
17,67.0,117,-15.423500061035156
18,68.0,118,-15.70173168182373
19,69.0,119,-15.711257934570312
20,70.0,120,-15.70166015625
21,71.0,121,-15.555488586425781
22,72.0,122,-15.52292251586914
23,73.0,123,-16.087146759033203
24,74.0,124,-17.018218994140625
25,75.0,125,-19.726490020751953
26,76.0,126,-21.331207275390625
27,77.0,127,-23.884889602661133
28,78.0,128,-23.90715217590332
29,79.0,129,-23.935518264770508
30,80.0,130,-24.09176254272461
31,81.0,131,-24.101909637451172
32,82.0,132,-24.143396377563477
33,83.0,133,-24.147991180419922
34,84.0,134,-24.159650802612305
35,85.0,135,-24.199356079101562
36,86.0,136,-24.332887649536133
37,87.0,137,-24.33268928527832
38,88.0,138,-24.32039451599121
39,89.0,139,-24.318613052368164
40,90.0,140,-24.319421768188477
41,91.0,141,-24.317705154418945
42,92.0,142,-24.300811767578125
43,93.0,143,-24.291545867919922
44,94.0,144,-24.288597106933594
45,95.0,145,-22.66716766357422
46,96.0,146,-22.790605545043945
47,97.0,147,-22.71757698059082
48,98.0,148,-22.71587371826172
49,99.0,149,-22.628877639770508
50,100.0,150,-22.657283782958984
51,101.0,151,-22.500572204589844
52,102.0,152,-22.489242553710938
53,103.0,153,-22.742671966552734
54,104.0,154,-23.148082733154297
55,105.0,155,-23.029054641723633
56,106.0,156,-23.397029876708984
57,107.0,157,-23.44931983947754
58,108.0,158,-23.917606353759766
59,109.0,159,-25.584529876708984
60,110.0,160,-25.611312866210938
61,111.0,161,-25.537282943725586
62,112.0,162,-25.036653518676758
63,113.0,163,-24.990337371826172
64,114.0,164,-24.9648494720459
65,115.0,165,-24.97394561767578
66,116.0,166,-24.990774154663086
67,117.0,167,-25.175939559936523
68,118.0,168,-26.19666862487793
69,119.0,169,-26.267683029174805
70,120.0,170,-26.439453125
71,121.0,171,-26.439640045166016
72,122.0,172,-26.4476375579834
73,123.0,173,-26.45798110961914
74,124.0,174,-26.860458374023438
75,125.0,175,-27.942216873168945
76,126.0,176,-27.952489852905273
77,127.0,177,-27.869558334350586
78,128.0,178,-27.83778190612793
79,129.0,179,-27.8397216796875
80,130.0,180,-27.939077377319336
81,131.0,181,-27.97220230102539
82,132.0,182,-27.910791397094727
83,133.0,183,-27.890228271484375
84,134.0,184,-25.51824378967285
85,135.0,185,-24.872852325439453
86,136.0,186,-24.24190330505371
87,137.0,187,-23.870933532714844
88,138.0,188,-22.63454818725586
89,139.0,189,-22.344375610351562
90,140.0,190,-22.221590042114258
91,141.0,191,-22.086820602416992
92,142.0,192,-22.75450325012207
93,143.0,193,-22.72531509399414
94,144.0,194,-22.634910583496094
95,145.0,195,-22.648365020751953
96,146.0,196,-22.61979103088379
97,147.0,197,-22.6029052734375
98,148.0,198,-22.625795364379883
99,149.0,199,-22.624006271362305
100,150.0,200,-21.585538864135742
101,151.0,201,-20.607999801635742
102,152.0,202,-20.388452529907227
103,153.0,203,-19.905899047851562
104,154.0,204,-19.164485931396484
105,155.0,205,-18.650543212890625
106,156.0,206,-18.706323623657227
107,157.0,207,-18.839860916137695
108,158.0,208,-18.3201847076416
109,159.0,209,-18.767864227294922
110,160.0,210,-19.645721435546875
111,161.0,211,-19.69050407409668
112,162.0,212,-19.71524429321289
113,163.0,213,-19.74830436706543
114,164.0,214,-20.779178619384766
115,165.0,215,-21.927602767944336
116,166.0,216,-24.344942092895508
117,167.0,217,-27.631906509399414
118,168.0,218,-30.860980987548828
119,169.0,219,-30.895954132080078
120,170.0,220,-30.449941635131836
121,171.0,221,-30.421995162963867
122,172.0,222,-29.141427993774414
123,173.0,223,-28.830055236816406
124,174.0,224,-26.882112503051758
125,175.0,225,-25.747432708740234
126,176.0,226,-25.673147201538086
127,177.0,227,-26.054790496826172
128,178.0,228,-26.078824996948242
129,179.0,229,-26.144397735595703
130,180.0,230,-25.941503524780273
131,181.0,231,-26.272544860839844
132,182.0,232,-26.2691650390625
133,183.0,233,-26.228824615478516
134,184.0,234,-26.212705612182617
135,185.0,235,-26.221330642700195
136,186.0,236,-26.313127517700195
137,187.0,237,-26.355770111083984
138,188.0,238,-26.518192291259766
139,189.0,239,-26.4361572265625
140,190.0,240,-26.394929885864258
141,191.0,241,-26.398698806762695
142,192.0,242,-26.46030616760254
143,193.0,243,-26.912342071533203
144,194.0,244,-26.889034271240234
145,195.0,245,-27.013038635253906
146,196.0,246,-27.01346778869629
147,197.0,247,-26.603900909423828
148,198.0,248,-26.17386245727539
149,199.0,249,-26.532148361206055
150,200.0,250,-28.761850357055664
151,201.0,251,-30.46896743774414
152,202.0,252,-32.7171516418457
153,203.0,253,-32.712127685546875
154,204.0,254,-32.405914306640625
155,205.0,255,-32.28370666503906
156,206.0,256,-32.3509407043457
157,207.0,257,-32.8132209777832
158,208.0,258,-32.192508697509766
159,209.0,259,-31.34232521057129
160,210.0,260,-31.196866989135742
161,211.0,261,-31.34714698791504
162,212.0,262,-32.29277038574219
163,213.0,263,-30.68450355529785
164,214.0,264,-29.294775009155273
165,215.0,265,-29.153669357299805
166,216.0,266,-29.479955673217773
167,217.0,267,-30.42791175842285
168,218.0,268,-32.1800651550293
169,219.0,269,-33.408721923828125
170,220.0,270,-34.36589431762695
171,221.0,271,-34.429527282714844
172,222.0,272,-34.347686767578125
173,223.0,273,-34.24849319458008
174,224.0,274,-34.247589111328125
175,225.0,275,-32.36335754394531
176,226.0,276,-31.34317970275879
177,227.0,277,-31.395971298217773
178,228.0,278,-31.524608612060547
179,229.0,279,-31.786270141601562
180,230.0,280,-31.7170352935791
181,231.0,281,-31.814899444580078
182,232.0,282,-31.82081413269043
183,233.0,283,-31.67575454711914
184,234.0,284,-32.14508056640625
185,235.0,285,-33.03932189941406
186,236.0,286,-34.31360626220703
187,237.0,287,-34.371978759765625
188,238.0,288,-31.11521339416504
189,239.0,289,-28.07244110107422
190,240.0,290,-26.036460876464844
191,241.0,291,-25.25421714782715
192,242.0,292,-24.9191837310791
193,243.0,293,-24.874845504760742
194,244.0,294,-24.921863555908203
195,245.0,295,-25.295270919799805
196,246.0,296,-25.188865661621094
197,247.0,297,-25.25307846069336
198,248.0,298,-23.985702514648438
199,249.0,299,-23.922222137451172
200,250.0,300,-23.653871536254883
201,251.0,301,-23.559131622314453
202,252.0,302,-23.465408325195312
203,253.0,303,-23.453041076660156
204,254.0,304,-23.449960708618164
205,255.0,305,-22.811283111572266
206,256.0,306,-22.736236572265625
207,257.0,307,-22.03944969177246
208,258.0,308,-20.8315486907959
209,259.0,309,-19.982894897460938
210,260.0,310,-19.19390296936035
211,261.0,311,-19.220382690429688
212,262.0,312,-19.88138198852539
213,263.0,313,-19.92318344116211
214,264.0,314,-19.920825958251953
215,265.0,315,-19.952138900756836
216,266.0,316,-18.687990188598633
217,267.0,317,-18.778106689453125
218,268.0,318,-18.818302154541016
219,269.0,319,-18.729249954223633
220,270.0,320,-18.76395606994629
221,271.0,321,-20.40477752685547
222,272.0,322,-22.00444221496582
223,273.0,323,-22.004919052124023
224,274.0,324,-21.2044677734375
225,275.0,325,-21.333873748779297
226,276.0,326,-21.487245559692383
227,277.0,327,-21.276103973388672
228,278.0,328,-18.885223388671875
229,279.0,329,-17.738229751586914
230,280.0,330,-17.577058792114258
231,281.0,331,-17.761337280273438
232,282.0,332,-20.208980560302734
233,283.0,333,-21.948667526245117
234,284.0,334,-21.933677673339844
235,285.0,335,-21.1163387298584
236,286.0,336,-20.90054702758789
237,287.0,337,-21.33930015563965
238,288.0,338,-20.367515563964844
239,289.0,339,-20.584884643554688
240,290.0,340,-21.244600296020508
241,291.0,341,-21.391361236572266
242,292.0,342,-22.04547691345215
243,293.0,343,-24.18234634399414
244,294.0,344,-22.794172286987305
245,295.0,345,-21.957599639892578
246,296.0,346,-22.329883575439453
247,297.0,347,-23.998838424682617
248,298.0,348,-25.677993774414062
249,299.0,349,-24.627016067504883
250,300.0,350,-24.369991302490234
251,301.0,351,-24.348472595214844
252,302.0,352,-23.655357360839844
253,303.0,353,-22.362815856933594
254,304.0,354,-22.236858367919922
255,305.0,355,-22.505001068115234
256,306.0,356,-23.222036361694336
257,307.0,357,-24.152774810791016
258,308.0,358,-24.838134765625
259,309.0,359,-24.831226348876953
260,310.0,360,-24.851350784301758
261,311.0,361,-24.906518936157227
262,312.0,362,-24.91456413269043
263,313.0,363,-25.026897430419922
264,314.0,364,-25.589210510253906
265,315.0,365,-25.58051872253418
266,316.0,366,-25.974096298217773
267,317.0,367,-27.765947341918945
268,318.0,368,-26.212377548217773
269,319.0,369,-26.3570613861084
270,320.0,370,-26.286134719848633
271,321.0,371,-26.303312301635742
272,322.0,372,-26.333614349365234
273,323.0,373,-26.08974266052246
274,324.0,374,-26.058259963989258
275,325.0,375,-27.354990005493164
276,326.0,376,-28.39896583557129
277,327.0,377,-27.82649040222168
278,328.0,378,-27.702455520629883
279,329.0,379,-27.3082332611084
280,330.0,380,-28.427520751953125
281,331.0,381,-28.196739196777344
282,332.0,382,-28.157543182373047
283,333.0,383,-28.15830421447754
284,334.0,384,-26.856008529663086
285,335.0,385,-26.49648666381836
286,336.0,386,-26.95079231262207
287,337.0,387,-27.561370849609375
288,338.0,388,-29.70350456237793
289,339.0,389,-29.65752601623535
290,340.0,390,-31.981319427490234
291,341.0,391,-31.868114471435547
292,342.0,392,-32.64656066894531
293,343.0,393,-34.711570739746094
294,344.0,394,-36.43305587768555
295,345.0,395,-36.50972366333008
296,346.0,396,-36.516998291015625
297,347.0,397,-36.51869583129883
298,348.0,398,-36.57780838012695
299,349.0,399,-36.428524017333984
300,350.0,400,-36.41936111450195
301,351.0,401,-36.40058898925781
302,352.0,402,-34.68913650512695
303,353.0,403,-33.066322326660156
304,354.0,404,-31.875486373901367
305,355.0,405,-31.710105895996094
306,356.0,406,-31.708330154418945
307,357.0,407,-31.706565856933594
308,358.0,408,-31.624876022338867
309,359.0,409,-31.752470016479492
310,360.0,410,-33.01543045043945
311,361.0,411,-32.99161148071289
312,362.0,412,-32.88462829589844
313,363.0,413,-33.1504020690918
314,364.0,414,-34.282039642333984
315,365.0,415,-33.805355072021484
316,366.0,416,-33.91504669189453
317,367.0,417,-34.76232147216797
318,368.0,418,-36.60801696777344
319,369.0,419,-36.48488998413086
320,370.0,420,-34.47682571411133
321,371.0,421,-33.94849395751953
322,372.0,422,-34.923683166503906
323,373.0,423,-35.611873626708984
324,374.0,424,-35.6174201965332
325,375.0,425,-35.6895751953125
326,376.0,426,-36.22664260864258
327,377.0,427,-36.224281311035156
328,378.0,428,-35.672420501708984
329,379.0,429,-35.61172103881836
330,380.0,430,-34.91535186767578
331,381.0,431,-33.94135284423828
332,382.0,432,-33.78166198730469
333,383.0,433,-33.782779693603516
334,384.0,434,-33.089141845703125
335,385.0,435,-32.3744010925293
336,386.0,436,-30.859689712524414
337,387.0,437,-30.67449951171875
338,388.0,438,-30.663976669311523
339,389.0,439,-30.232627868652344
340,390.0,440,-30.192527770996094
341,391.0,441,-30.126413345336914
342,392.0,442,-30.25592041015625
343,393.0,443,-30.226116180419922
344,394.0,444,-30.244258880615234
345,395.0,445,-30.298931121826172
346,396.0,446,-30.364118576049805
347,397.0,447,-30.518999099731445
348,398.0,448,-30.527542114257812
349,399.0,449,-30.07689094543457
350,400.0,450,-30.185691833496094
351,401.0,451,-29.166851043701172
352,402.0,452,-27.647470474243164
353,403.0,453,-26.565710067749023
354,404.0,454,-26.390750885009766
355,405.0,455,-26.840076446533203
356,406.0,456,-28.171218872070312
357,407.0,457,-29.094696044921875
358,408.0,458,-28.97696876525879
359,409.0,459,-28.954784393310547
360,410.0,460,-27.797517776489258
361,411.0,461,-27.45024299621582
362,412.0,462,-26.16451072692871
363,413.0,463,-26.125293731689453
364,414.0,464,-23.707265853881836
365,415.0,465,-24.369823455810547
366,416.0,466,-24.396766662597656
367,417.0,467,-24.450389862060547
368,418.0,468,-24.34615135192871
369,419.0,469,-24.143638610839844
370,420.0,470,-24.200637817382812
371,421.0,471,-24.05913734436035
372,422.0,472,-25.80940055847168
373,423.0,473,-27.213573455810547
374,424.0,474,-26.633493423461914
375,425.0,475,-26.643997192382812
376,426.0,476,-26.550182342529297
377,427.0,477,-25.48394203186035
378,428.0,478,-26.461496353149414
379,429.0,479,-26.421194076538086
380,430.0,480,-26.401235580444336
381,431.0,481,-26.40056800842285
382,432.0,482,-26.399503707885742
383,433.0,483,-26.417449951171875
384,434.0,484,-26.6553955078125
385,435.0,485,-26.60687255859375
386,436.0,486,-26.709457397460938
387,437.0,487,-26.722074508666992
388,438.0,488,-26.65780258178711
389,439.0,489,-26.65801239013672
390,440.0,490,-27.040416717529297
391,441.0,491,-28.855976104736328
392,442.0,492,-28.602693557739258
393,443.0,493,-28.63820457458496
394,444.0,494,-28.636474609375
395,445.0,495,-28.638917922973633
396,446.0,496,-28.66290855407715
397,447.0,497,-28.852426528930664
398,448.0,498,-30.76700782775879
399,449.0,499,-30.784622192382812
400,450.0,500,-30.845834732055664
401,451.0,501,-30.84610939025879
402,452.0,502,-30.835487365722656
403,453.0,503,-30.83207130432129
404,454.0,504,-30.893531799316406
405,455.0,505,-30.900901794433594
406,456.0,506,-30.90317153930664
407,457.0,507,-28.307693481445312
408,458.0,508,-27.687559127807617
409,459.0,509,-27.642370223999023
410,460.0,510,-27.239086151123047
411,461.0,511,-26.299755096435547
412,462.0,512,-24.60004997253418
413,463.0,513,-24.576416015625
414,464.0,514,-24.59853172302246
415,465.0,515,-24.64458656311035
416,466.0,516,-24.793771743774414
417,467.0,517,-24.661190032958984
418,468.0,518,-24.66698455810547
419,469.0,519,-21.673065185546875
420,470.0,520,-21.024160385131836
421,471.0,521,-21.128705978393555
422,472.0,522,-21.742136001586914
423,473.0,523,-22.302608489990234
424,474.0,524,-23.38698959350586
425,475.0,525,-23.355749130249023
426,476.0,526,-23.400182723999023
427,477.0,527,-23.994722366333008
428,478.0,528,-23.997873306274414
429,479.0,529,-23.661434173583984
430,480.0,530,-22.958736419677734
431,481.0,531,-22.942813873291016
432,482.0,532,-23.144777297973633
433,483.0,533,-23.500810623168945
434,484.0,534,-24.64208984375
435,485.0,535,-24.66016387939453
436,486.0,536,-24.76308822631836
437,487.0,537,-24.964569091796875
438,488.0,538,-25.447389602661133
439,489.0,539,-27.785207748413086
440,490.0,540,-27.80178451538086
441,491.0,541,-27.782018661499023
442,492.0,542,-27.781967163085938
443,493.0,543,-25.258512496948242
444,494.0,544,-24.42263412475586
445,495.0,545,-23.73472785949707
446,496.0,546,-23.26826286315918
447,497.0,547,-23.021995544433594
448,498.0,548,-22.752243041992188
449,499.0,549,-22.83970069885254
450,500.0,550,-22.93608283996582
451,501.0,551,-24.840316772460938
452,502.0,552,-24.855592727661133
453,503.0,553,-24.96786117553711
454,504.0,554,-24.99131965637207
455,505.0,555,-24.999679565429688
456,506.0,556,-25.327537536621094
457,507.0,557,-25.590049743652344
458,508.0,558,-23.202957153320312
459,509.0,559,-22.9648494720459
460,510.0,560,-22.64653205871582
461,511.0,561,-22.727684020996094
462,512.0,562,-22.825332641601562
463,513.0,563,-22.90927505493164
464,514.0,564,-24.44171142578125
465,515.0,565,-24.441823959350586
466,516.0,566,-23.369691848754883
467,517.0,567,-24.104034423828125
468,518.0,568,-24.186107635498047
469,519.0,569,-25.639904022216797
470,520.0,570,-27.509777069091797
471,521.0,571,-28.284852981567383
472,522.0,572,-28.287158966064453
473,523.0,573,-27.51065444946289
474,524.0,574,-25.6403751373291
475,525.0,575,-24.529170989990234
476,526.0,576,-25.710834503173828
477,527.0,577,-25.713117599487305
478,528.0,578,-25.814912796020508
479,529.0,579,-26.34526252746582
480,530.0,580,-26.37266731262207
481,531.0,581,-26.357999801635742
482,532.0,582,-25.692951202392578
483,533.0,583,-25.466110229492188
484,534.0,584,-25.965126037597656
485,535.0,585,-26.121440887451172
486,536.0,586,-26.125526428222656
487,537.0,587,-25.19892120361328
488,538.0,588,-24.808069229125977
489,539.0,589,-23.89447784423828
490,540.0,590,-23.735015869140625
491,541.0,591,-23.048816680908203
492,542.0,592,-23.121389389038086
493,543.0,593,-22.59380531311035
494,544.0,594,-22.565263748168945
495,545.0,595,-23.110519409179688
496,546.0,596,-23.101734161376953
497,547.0,597,-21.720722198486328
498,548.0,598,-21.09901237487793
499,549.0,599,-21.543092727661133
500,550.0,600,-22.5571231842041
501,551.0,601,-22.250635147094727
502,552.0,602,-22.758525848388672
503,553.0,603,-22.69109344482422
504,554.0,604,-22.64544105529785
505,555.0,605,-22.537687301635742
506,556.0,606,-22.523365020751953
507,557.0,607,-22.525835037231445
508,558.0,608,-22.548992156982422
509,559.0,609,-23.508331298828125
510,560.0,610,-24.892078399658203
511,561.0,611,-24.93096923828125
512,562.0,612,-25.28590965270996
513,563.0,613,-26.98802947998047
514,564.0,614,-26.48813247680664
515,565.0,615,-26.57085609436035
516,566.0,616,-26.976261138916016
517,567.0,617,-27.589599609375
518,568.0,618,-27.9993896484375
519,569.0,619,-29.335493087768555
520,570.0,620,-31.090951919555664
521,571.0,621,-31.747234344482422
522,572.0,622,-33.79049301147461
523,573.0,623,-33.34926986694336
524,574.0,624,-33.18123245239258
525,575.0,625,-33.23158645629883
526,576.0,626,-32.80603790283203
527,577.0,627,-32.43974304199219
528,578.0,628,-32.35635757446289
529,579.0,629,-32.497955322265625
530,580.0,630,-32.82122039794922
531,581.0,631,-32.82533645629883
532,582.0,632,-32.9212646484375
533,583.0,633,-32.6577262878418
534,584.0,634,-32.6622314453125
535,585.0,635,-32.519020080566406
536,586.0,636,-34.250587463378906
537,587.0,637,-34.25959777832031
538,588.0,638,-34.27645492553711
539,589.0,639,-34.27470779418945
540,590.0,640,-34.246952056884766
541,591.0,641,-32.395355224609375
542,592.0,642,-32.32308578491211
543,593.0,643,-33.032081604003906
544,594.0,644,-33.065101623535156
545,595.0,645,-33.0776252746582
546,596.0,646,-33.085289001464844
547,597.0,647,-33.06618881225586
548,598.0,648,-33.06452941894531
549,599.0,649,-32.99655532836914
550,600.0,650,-32.97498321533203
551,601.0,651,-32.97247314453125
552,602.0,652,-32.943946838378906
553,603.0,653,-32.94306945800781
554,604.0,654,-32.834041595458984
555,605.0,655,-32.97239685058594
556,606.0,656,-33.55000686645508
557,607.0,657,-34.04964828491211
558,608.0,658,-35.36654281616211
559,609.0,659,-35.364219665527344
560,610.0,660,-35.3511962890625
561,611.0,661,-35.36244583129883
562,612.0,662,-35.32537841796875
563,613.0,663,-35.32737350463867
564,614.0,664,-33.4984016418457
565,615.0,665,-33.294212341308594
566,616.0,666,-31.89206314086914
567,617.0,667,-31.751989364624023
568,618.0,668,-30.960208892822266
569,619.0,669,-30.51140594482422
570,620.0,670,-30.479265213012695
571,621.0,671,-30.468740463256836
572,622.0,672,-30.47553825378418
573,623.0,673,-30.55768394470215
574,624.0,674,-30.542781829833984
575,625.0,675,-30.53237533569336
576,626.0,676,-30.430261611938477
577,627.0,677,-28.800430297851562
578,628.0,678,-26.779645919799805
579,629.0,679,-26.42945671081543
580,630.0,680,-26.45079803466797
581,631.0,681,-26.83110237121582
582,632.0,682,-27.769390106201172
583,633.0,683,-27.779024124145508
584,634.0,684,-27.81308364868164
585,635.0,685,-27.772140502929688
586,636.0,686,-27.751508712768555
587,637.0,687,-27.74469757080078
588,638.0,688,-27.822120666503906
589,639.0,689,-27.819738388061523
590,640.0,690,-27.81192970275879
591,641.0,691,-27.747873306274414
592,642.0,692,-27.745849609375
593,643.0,693,-27.746057510375977
594,644.0,694,-27.72025489807129
595,645.0,695,-27.740032196044922
596,646.0,696,-26.439208984375
597,647.0,697,-26.101823806762695
598,648.0,698,-27.493806838989258
599,649.0,699,-25.254268646240234
600,650.0,700,-23.63319969177246
601,651.0,701,-24.20603370666504
602,652.0,702,-25.178401947021484
603,653.0,703,-25.954675674438477
604,654.0,704,-27.2534122467041
605,655.0,705,-27.25461196899414
606,656.0,706,-27.207204818725586
607,657.0,707,-28.1605224609375
608,658.0,708,-27.69573211669922
609,659.0,709,-27.72002410888672
610,660.0,710,-29.237628936767578
611,661.0,711,-29.436647415161133
612,662.0,712,-29.033212661743164
613,663.0,713,-28.946796417236328
614,664.0,714,-29.11709213256836
615,665.0,715,-29.406564712524414
616,666.0,716,-29.127145767211914
617,667.0,717,-28.88772201538086
618,668.0,718,-28.96971321105957
619,669.0,719,-28.729021072387695
620,670.0,720,-28.237340927124023
621,671.0,721,-28.175622940063477
622,672.0,722,-28.203018188476562
623,673.0,723,-29.274415969848633
624,674.0,724,-30.786813735961914
625,675.0,725,-31.771270751953125
626,676.0,726,-29.987937927246094
627,677.0,727,-29.954439163208008
628,678.0,728,-29.898378372192383
629,679.0,729,-30.471799850463867
630,680.0,730,-31.260290145874023
631,681.0,731,-33.688472747802734
632,682.0,732,-31.255327224731445
633,683.0,733,-30.382789611816406
634,684.0,734,-29.149051666259766
635,685.0,735,-28.889902114868164
636,686.0,736,-29.17758560180664
637,687.0,737,-29.302156448364258
638,688.0,738,-29.35892677307129
639,689.0,739,-29.24847412109375
640,690.0,740,-29.057313919067383
641,691.0,741,-29.048913955688477
642,692.0,742,-29.048412322998047
643,693.0,743,-29.031965255737305
644,694.0,744,-29.02488136291504
645,695.0,745,-29.018774032592773
646,696.0,746,-29.028215408325195
647,697.0,747,-29.02933692932129
648,698.0,748,-28.966835021972656
649,699.0,749,-29.027206420898438
650,700.0,750,-29.32242202758789
651,701.0,751,-28.347291946411133
652,702.0,752,-26.798269271850586
653,703.0,753,-24.75568962097168
654,704.0,754,-24.227388381958008
655,705.0,755,-24.12684440612793
656,706.0,756,-24.108781814575195
657,707.0,757,-24.098356246948242
658,708.0,758,-23.884471893310547
659,709.0,759,-22.896575927734375
660,710.0,760,-22.073122024536133
661,711.0,761,-22.293088912963867
662,712.0,762,-22.49661636352539
663,713.0,763,-19.132680892944336
664,714.0,764,-17.38419532775879
665,715.0,765,-17.19513702392578
666,716.0,766,-18.249265670776367
667,717.0,767,-20.652484893798828
668,718.0,768,-19.152616500854492
669,719.0,769,-19.065595626831055
670,720.0,770,-19.302690505981445
671,721.0,771,-19.653018951416016
672,722.0,772,-20.055509567260742
673,723.0,773,-20.306488037109375
674,724.0,774,-19.39641571044922
675,725.0,775,-19.248533248901367
676,726.0,776,-18.490890502929688
677,727.0,777,-17.716087341308594
678,728.0,778,-18.83053970336914
679,729.0,779,-18.116451263427734
680,730.0,780,-17.690961837768555
681,731.0,781,-17.628246307373047
682,732.0,782,-17.17828369140625
683,733.0,783,-17.23513412475586
684,734.0,784,-17.250717163085938
685,735.0,785,-17.21902847290039
686,736.0,786,-16.758546829223633
687,737.0,787,-16.832494735717773
688,738.0,788,-16.487573623657227
689,739.0,789,-15.508658409118652
690,740.0,790,-15.56967830657959
691,741.0,791,-16.04283905029297
692,742.0,792,-16.876501083374023
693,743.0,793,-18.59890365600586
694,744.0,794,-18.80967903137207
695,745.0,795,-18.647733688354492
696,746.0,796,-18.94485092163086
697,747.0,797,-18.607669830322266
698,748.0,798,-18.536224365234375
699,749.0,799,-18.508920669555664
700,750.0,800,-19.36956214904785
701,751.0,801,-19.522930145263672
702,752.0,802,-19.448280334472656
703,753.0,803,-18.863815307617188
704,754.0,804,-18.84687042236328
705,755.0,805,-18.86393165588379
706,756.0,806,-18.87594985961914
707,757.0,807,-19.0406551361084
708,758.0,808,-19.506755828857422
709,759.0,809,-20.633716583251953
710,760.0,810,-20.632244110107422
711,761.0,811,-20.640928268432617
712,762.0,812,-20.630128860473633
713,763.0,813,-20.649810791015625
714,764.0,814,-20.87579917907715
715,765.0,815,-20.283794403076172
716,766.0,816,-20.325288772583008
717,767.0,817,-21.95437240600586
718,768.0,818,-22.851938247680664
719,769.0,819,-23.923288345336914
720,770.0,820,-25.002487182617188
721,771.0,821,-27.119722366333008
722,772.0,822,-28.81306266784668
723,773.0,823,-28.7876033782959
724,774.0,824,-28.744659423828125
725,775.0,825,-28.77601432800293
726,776.0,826,-28.778093338012695
727,777.0,827,-28.664627075195312
728,778.0,828,-28.654321670532227
729,779.0,829,-28.654476165771484
730,780.0,830,-28.398588180541992
731,781.0,831,-28.364736557006836
732,782.0,832,-28.36939811706543
733,783.0,833,-28.362611770629883
734,784.0,834,-28.058568954467773
735,785.0,835,-27.872106552124023
736,786.0,836,-28.15928840637207
737,787.0,837,-28.196605682373047
738,788.0,838,-28.309391021728516
739,789.0,839,-28.18259620666504
740,790.0,840,-28.22357177734375
741,791.0,841,-28.23647117614746
742,792.0,842,-29.09514617919922
743,793.0,843,-30.77878189086914
744,794.0,844,-30.778806686401367
745,795.0,845,-30.78453826904297
746,796.0,846,-30.77788543701172
747,797.0,847,-28.22085952758789
748,798.0,848,-28.006860733032227
749,799.0,849,-28.389081954956055
750,800.0,850,-29.769479751586914
751,801.0,851,-31.244264602661133
752,802.0,852,-32.23440933227539
753,803.0,853,-34.78843688964844
754,804.0,854,-34.72291564941406
755,805.0,855,-34.721435546875
756,806.0,856,-34.719730377197266
757,807.0,857,-32.99317169189453
758,808.0,858,-30.50632667541504
759,809.0,859,-29.41179847717285
760,810.0,860,-28.266759872436523
761,811.0,861,-26.687929153442383
762,812.0,862,-24.733230590820312
763,813.0,863,-24.973146438598633
764,814.0,864,-24.225244522094727
765,815.0,865,-23.81914710998535
766,816.0,866,-23.852882385253906
767,817.0,867,-24.030290603637695
768,818.0,868,-23.725248336791992
769,819.0,869,-23.684669494628906
770,820.0,870,-23.688385009765625
771,821.0,871,-23.410762786865234
772,822.0,872,-23.373106002807617
773,823.0,873,-23.37468910217285
774,824.0,874,-23.377304077148438
775,825.0,875,-23.367877960205078
776,826.0,876,-23.276487350463867
777,827.0,877,-22.39311981201172
778,828.0,878,-22.328550338745117
779,829.0,879,-22.124162673950195
780,830.0,880,-22.11907958984375
781,831.0,881,-22.056468963623047
782,832.0,882,-22.030590057373047
783,833.0,883,-22.136327743530273
784,834.0,884,-22.135366439819336
785,835.0,885,-21.994985580444336
786,836.0,886,-22.52223014831543
787,837.0,887,-21.53151512145996
788,838.0,888,-21.5992431640625
789,839.0,889,-21.2216796875
790,840.0,890,-21.17395782470703
791,841.0,891,-23.24967384338379
792,842.0,892,-23.26799774169922
793,843.0,893,-21.420244216918945
794,844.0,894,-20.517175674438477
795,845.0,895,-20.469812393188477
796,846.0,896,-20.701196670532227
797,847.0,897,-20.980018615722656
798,848.0,898,-21.326370239257812
799,849.0,899,-21.840784072875977
800,850.0,900,-20.790252685546875
801,851.0,901,-20.50925636291504
802,852.0,902,-20.378814697265625
803,853.0,903,-19.634323120117188
804,854.0,904,-20.756101608276367
805,855.0,905,-20.313364028930664
806,856.0,906,-21.930326461791992
807,857.0,907,-23.45494270324707
808,858.0,908,-24.620582580566406
809,859.0,909,-24.618968963623047
810,860.0,910,-24.666473388671875
811,861.0,911,-24.66744613647461
812,862.0,912,-24.6693058013916
813,863.0,913,-24.668807983398438
814,864.0,914,-24.501928329467773
815,865.0,915,-24.657087326049805
816,866.0,916,-24.640701293945312
817,867.0,917,-24.685426712036133
818,868.0,918,-25.092323303222656
819,869.0,919,-25.102304458618164
820,870.0,920,-24.693689346313477
821,871.0,921,-24.642818450927734
822,872.0,922,-24.51394271850586
823,873.0,923,-24.948379516601562
824,874.0,924,-26.30876922607422
825,875.0,925,-28.888582229614258
826,876.0,926,-28.88861846923828
827,877.0,927,-28.888166427612305
828,878.0,928,-28.887849807739258
829,879.0,929,-28.862985610961914
830,880.0,930,-28.859189987182617
831,881.0,931,-28.8566837310791
832,882.0,932,-28.856748580932617
833,883.0,933,-28.859933853149414
834,884.0,934,-28.85862159729004
835,885.0,935,-28.85960578918457
836,886.0,936,-28.85968017578125
837,887.0,937,-26.27078628540039
838,888.0,938,-25.210363388061523
839,889.0,939,-23.630748748779297
840,890.0,940,-22.306917190551758
841,891.0,941,-22.42481803894043
842,892.0,942,-23.729543685913086
843,893.0,943,-26.955352783203125
844,894.0,944,-30.247577667236328
845,895.0,945,-30.265567779541016
846,896.0,946,-30.485998153686523
847,897.0,947,-30.8594970703125
848,898.0,948,-31.903026580810547
849,899.0,949,-30.809646606445312
850,900.0,950,-30.678787231445312
851,901.0,951,-30.341087341308594
852,902.0,952,-30.257476806640625
853,903.0,953,-27.166908264160156
854,904.0,954,-25.43768882751465
855,905.0,955,-25.39234161376953
856,906.0,956,-25.439563751220703
857,907.0,957,-25.442941665649414
858,908.0,958,-25.45869255065918
859,909.0,959,-25.493942260742188
860,910.0,960,-24.196504592895508
861,911.0,961,-22.712181091308594
862,912.0,962,-21.004589080810547
863,913.0,963,-20.048267364501953
864,914.0,964,-19.608539581298828
865,915.0,965,-19.647571563720703
866,916.0,966,-19.653596878051758
867,917.0,967,-19.67551040649414
868,918.0,968,-20.02648162841797
869,919.0,969,-20.156551361083984
870,920.0,970,-20.64535140991211
871,921.0,971,-21.701536178588867
872,922.0,972,-21.72861099243164
873,923.0,973,-21.78742027282715
874,924.0,974,-22.429317474365234
875,925.0,975,-22.888647079467773
876,926.0,976,-22.890918731689453
877,927.0,977,-22.427221298217773
878,928.0,978,-22.370647430419922
879,929.0,979,-22.34225082397461
880,930.0,980,-22.338787078857422
881,931.0,981,-22.249235153198242
882,932.0,982,-22.615148544311523
883,933.0,983,-23.135974884033203
884,934.0,984,-23.124563217163086
885,935.0,985,-22.78700065612793
886,936.0,986,-23.224899291992188
887,937.0,987,-23.002906799316406
888,938.0,988,-23.060026168823242
889,939.0,989,-22.792091369628906
890,940.0,990,-22.729419708251953
891,941.0,991,-24.89563751220703
892,942.0,992,-28.175687789916992
893,943.0,993,-28.177661895751953
894,944.0,994,-28.179344177246094
895,945.0,995,-26.641204833984375
896,946.0,996,-25.0939884185791
897,947.0,997,-25.34613800048828
898,948.0,998,-25.348772048950195
899,949.0,999,-25.340850830078125
900,950.0,1000,-25.334604263305664
0,50.0,100,-12.448399543762207
100,150.0,200,-21.585538864135742
200,250.0,300,-23.653871536254883
300,350.0,400,-36.41936111450195
400,450.0,500,-30.845834732055664
500,550.0,600,-22.5571231842041
600,650.0,700,-23.63319969177246
700,750.0,800,-19.36956214904785
800,850.0,900,-20.790252685546875
900,950.0,1000,-25.334604263305664
